<?xml version="1.0" encoding="GB2312"?>
<PACKET type="REQUEST" version="1.0" >
<HEAD>
  <REQUEST_TYPE>53</REQUEST_TYPE>
  <USER>DBICtest</USER>
  <PASSWORD>123456</PASSWORD>
</HEAD>
<BODY>
  <BASE_PART>
    <CLAIM_CODE>50DBIC330010001278723533581138</CLAIM_CODE>
    <SERIAL_NO>1</SERIAL_NO>
    <CLAIM_APPEND_DATE>20101230</CLAIM_APPEND_DATE>
    <ACCIDENT_DEATH>1</ACCIDENT_DEATH>
  </BASE_PART>
  <CLAIM_COVER_LIST>
    <CLAIM_COVER_DATA>
      <CLAIM_FEE_TYPE>1</CLAIM_FEE_TYPE>
      <CLAIM_AMOUNT>-200</CLAIM_AMOUNT>
    </CLAIM_COVER_DATA>
  </CLAIM_COVER_LIST>
</BODY>
</PACKET>
