<?xml version="1.0" encoding="GB2312"?>
<PACKET type="REQUEST" version="1.0" >
<HEAD>
  <REQUEST_TYPE>70</REQUEST_TYPE>
  <USER>PICC3200</USER>
  <PASSWORD>123456</PASSWORD>
</HEAD>
<BODY>
  <BASE_PART>
  <POLICY_LIST>
    <POLICY_DATA>
       <CONFIRM_SEQUENCE_NO>02PICC320016001464603937534108</CONFIRM_SEQUENCE_NO>
       <RELATIVE_POLICY_NO>WQ20160222</RELATIVE_POLICY_NO> 
      <TP_MARK>ljp20070920test88</TP_MARK>
    </POLICY_DATA>
  </POLICY_LIST>
  </BASE_PART>
</BODY>
</PACKET>
