<?xml version="1.0" encoding="GBK"?>
<PACKET type="REQUEST" version="1.0">
	<HEAD>
		<REQUEST_TYPE>94</REQUEST_TYPE>
		<USER>test_user</USER>
		<PASSWORD>user321</PASSWORD>
	</HEAD>
	<BODY>
		<POLICY_LIST>
			<POLICY_DATA>
				<CONFIRM_SEQUENCE_NO>02PICC11101010238472343929119231</CONFIRM_SEQUENCE_NO>
			</POLICY_DATA>
			<POLICY_DATA>
				<CONFIRM_SEQUENCE_NO>02PICC11101010234238473929119232</CONFIRM_SEQUENCE_NO>
			</POLICY_DATA>
		</POLICY_LIST>
		<AMEND_LIST>
<AMEND_DATA>
	<AMEND_CONFIRM_NO>05PICC110114568394758364713475</AMEND_CONFIRM_NO>
			</AMEND_DATA>
			<AMEND_DATA>
 <AMEND_CONFIRM_NO>05PICC110114568394758364713476</AMEND_CONFIRM_NO >
			</AMEND_DATA>
		</AMEND_LIST>
	</BODY>
</PACKET>

