<?xml version="1.0" encoding="GBK"?>
<PACKET type="REQUEST" version="1.0">
	<HEAD>
		<REQUEST_TYPE>81</REQUEST_TYPE>
		<USER>test_user</USER>
		<PASSWORD>user321</PASSWORD>
	</HEAD>
	<BODY>
		<POLICY_LIST>
                 <CONFIRM_SEQUENCE_NO>02PICC11101010238472343929119231</CONFIRM_SEQUENCE_NO>
<CONFIRM_SEQUENCE_NO>02PICC11101010238472343929119232</CONFIRM_SEQUENCE_NO>
          </POLICY_LIST>
<AMEND_LIST>
                 <AMEND_CONFIRM_NO>05PICC11101010238472343929119231</AMEND_CONFIRM_NO>
<AMEND_CONFIRM_NO>05PICC11101010238472343929119232</AMEND_CONFIRM_NO>
</AMEND_LIST>
	</BODY>
</PACKET>

