<?xml version="1.0" encoding="GBK"?>
<PACKET type="REQUEST" version="1.0">
	<HEAD>
		<REQUEST_TYPE>92</REQUEST_TYPE>
		<USER>PICCtest</USER>
		<PASSWORD>217485</PASSWORD>
	</HEAD>
	<BODY>
		<BASE_PART>
			<TAX_DECLARE_QUERY_NO>81CAIC330009001239718610639127</TAX_DECLARE_QUERY_NO>
			<TAX_POLICY_PERPAGE>1000</TAX_POLICY_PERPAGE>
			<TAX_POLICY_PAGE_NO>9</TAX_POLICY_PAGE_NO>
			<TAX_AMEND_PERPAGE>1000</TAX_AMEND_PERPAGE>
			<TAX_AMEND_PAGE_NO>0</TAX_AMEND_PAGE_NO>
		</BASE_PART>
	</BODY>
</PACKET>
