<?xml version="1.0" encoding="GBK"?>
<PACKET type="REQUEST" version="1.0">
	<HEAD>
		<REQUEST_TYPE>82</REQUEST_TYPE>
		<USER>PICCtest</USER>
		<PASSWORD>217485</PASSWORD>
	</HEAD>
	<BODY>
		<BASE_PART>
			<DECLARE_DATE>20111011</DECLARE_DATE>
			<POLICY_LIST>
          <CONFIRM_SEQUENCE_NO>02PICC11101010238472343929119231</CONFIRM_SEQUENCE_NO>
   				<CONFIRM_SEQUENCE_NO>02PICC11101010238472343929119232</CONFIRM_SEQUENCE_NO>
       </POLICY_LIST>
		</BASE_PART>
	</BODY>
</PACKET>
